,screen_time_hours,social_media_platforms_used,hours_on_TikTok,sleep_hours,stress_level,mood_score
screen_time_hours,1.0,0.003862403335502252,0.7367154860697165,0.00046921703080384674,0.494090731901157,-0.3425579695961354
social_media_platforms_used,0.003862403335502252,1.0,0.003940890475789889,0.0006580928770629113,0.004196704388799799,0.0009580497116822573
hours_on_TikTok,0.7367154860697165,0.003940890475789889,1.0,-0.0037895089457347683,0.4793392236492263,-0.34079153285515534
sleep_hours,0.00046921703080384674,0.0006580928770629113,-0.0037895089457347683,1.0,-0.6913786673697034,0.6609663740175793
stress_level,0.494090731901157,0.004196704388799799,0.4793392236492263,-0.6913786673697034,1.0,-0.6359359633593025
mood_score,-0.3425579695961354,0.0009580497116822573,-0.34079153285515534,0.6609663740175793,-0.6359359633593025,1.0
