{
  "ADHD_CLINICAL": {
    "auc_mean": 0.6199831372180901,
    "auc_std": 0.0020790868321774567,
    "fold_aucs": [
      0.622913087855892,
      0.6178272226933718,
      0.6181899282978925,
      0.6189686702656315,
      0.6220167769776628
    ]
  },
  "ANXIETY": {
    "auc_mean": 0.660360401625511,
    "auc_std": 0.0017377971141435073,
    "fold_aucs": [
      0.6597698663534034,
      0.6585021630522652,
      0.659148131829598,
      0.6609405848485608,
      0.6634412620437277
    ]
  },
  "DEPRESSION": {
    "auc_mean": 0.7804898007700339,
    "auc_std": 0.0030524314910373267,
    "fold_aucs": [
      0.7771691836690958,
      0.784932923401252,
      0.7832889937145248,
      0.7789120395031591,
      0.7781458635621379
    ]
  }
}